{
  "baseline": {
    "loss": 0.6067112212122033,
    "words": 84.10366328916602,
    "sim": 0.35010261910394797
  },
  "sft": {
    "loss": 0.3753560634559588,
    "words": 2.1932969602494152,
    "sim": 0.5893136909418825
  },
  "dpo_v2": {
    "loss": 0.4334222984876533,
    "words": 7.336710833982853,
    "sim": 0.5219023211565905
  },
  "dpo_f1_sft": {
    "loss": 0.5258525223851158,
    "words": 18.21745908028059,
    "sim": 0.4242269982905392
  },
  "dpo_f1_base": {
    "loss": 0.5430431157680097,
    "words": 25.24473889321902,
    "sim": 0.4067931957760665
  }
}