{
    "epoch": 1.0,
    "total_flos": 4.370783193242726e+16,
    "train_loss": 1.5575791883011596,
    "train_runtime": 11251.4725,
    "train_samples_per_second": 0.222,
    "train_steps_per_second": 0.028
}